{"cameraMode":{"drawMode":0,"name":"Shaded","section":"Shading Mode"},"sceneLighting":true,"audioPlay":false,"sceneViewState":{"showFog":true,"showMaterialUpdate":false,"showSkybox":true,"showFlares":true,"showImageEffects":true,"showParticleSystems":true},"in2DMode":false,"pivot":{"x":-1.4585936069488526,"y":-0.4206867814064026,"z":-1.3628416061401368},"rotation":{"x":0.16179122030735017,"y":-0.03403868526220322,"z":0.005587001331150532,"w":0.9862287044525147},"size":5.639441967010498,"orthographic":true}