{"cameraMode":{"drawMode":0,"name":"Shaded","section":"Shading Mode"},"sceneLighting":true,"audioPlay":false,"sceneViewState":{"showFog":true,"showMaterialUpdate":false,"showSkybox":true,"showFlares":true,"showImageEffects":true,"showParticleSystems":true},"in2DMode":false,"pivot":{"x":2.3070356845855715,"y":-4.586932078609607e-8,"z":3.6629116535186769},"rotation":{"x":0.22534514963626862,"y":0.322090744972229,"z":-0.07923034578561783,"w":0.9160797595977783},"size":5.475534439086914,"orthographic":true}