{"cameraMode":{"drawMode":0,"name":"Shaded","section":"Shading Mode"},"sceneLighting":true,"audioPlay":false,"sceneViewState":{"showFog":true,"showMaterialUpdate":false,"showSkybox":true,"showFlares":true,"showImageEffects":true,"showParticleSystems":true},"in2DMode":false,"pivot":{"x":0.5415564775466919,"y":1.1756048202514649,"z":-1.3376307487487794},"rotation":{"x":-0.08559146523475647,"y":0.9023600816726685,"z":-0.2111005038022995,"w":-0.36586540937423708},"size":2.220729351043701,"orthographic":false}